[
  {
    "id": "E1000",
    "firstName": "James",
    "lastName": "Ulrich",
    "jobLevel": 4,

    "companyId": "C1000",
    "technologyIds": [ 
      "T1019", "T1020", "T1008", "T1001" , 
      "T1005", "T1009" , "T1006", "T1003",
      "T1010"
    ]
  },
  {
    "id": "E1001",
    "firstName": "Robert",
    "lastName": "Hetfield",
    "jobLevel": 3,
    "companyId": "C1001",
    "technologyIds": [ 
      "T1019", "T1020", "T1008", "T1000" , 
      "T1005", "T1009" , "T1002",
      "T1010"
    ]
  },
  {
    "id": "E1002",
    "firstName": "Lars",
    "lastName": "Hammett",
    "jobLevel": 4,
    "companyId": "C1000",
    "technologyIds": [ 
      "T1019", "T1020", "T1008", "T1000" , 
      "T1005", "T1009" , 
      "T1010", "T1011"
    ]
  },
  {
    "id": "E1003",
    "firstName": "Kirk",
    "lastName": "Trujillo",
    "jobLevel": 4,
    "companyId": "C1001",
    "technologyIds": [ 
      "T1019", "T1020", "T1008", "T1001" , "T1000" , 
      "T1004" , "T1010", "T1015", "T1016"
    ]
  },
  {
    "id": "E1004",
    "firstName": "Kerry",
    "lastName": "Lombardo",
    "jobLevel": 4,
    "companyId": "C1002",
    "technologyIds": [ 
      "T1019", "T1020", "T1008", "T1017",
      "T1001" , "T1007" , "T1010", "T1011" , "T1012"
    ]
  },
  {
    "id": "E1005",
    "firstName": "Tom",
    "lastName": "Hanneman",
    "jobLevel": 5,
    "companyId": "C1003",
    "technologyIds": [ 
      "T1019", "T1020", "T1008", "T1018",
      "T1001" , "T1007" , "T1010", "T1013"
    ]
  },
  {
    "id": "E1006",
    "firstName": "Jeff",
    "lastName": "Araya",
    "jobLevel": 3,
    "companyId": "C1002",
    "technologyIds": [ "T1019", "T1020", "T1008", 
      "T1001" , "T1007" , "T1010", "T1013"
    ]
  },
  {
    "id": "E1007",
    "firstName": "Dave",
    "lastName": "King",
    "jobLevel": 5,
    "companyId": "C1003",
    "technologyIds": [ 
      "T1019", "T1020", "T1008", "T1021",
      "T1001" , "T1014" , "T1004" , "T1010", "T1013" , "T1011" , "T1012"
    ]
  }
]