[
  {
    "id": "T1021",
    "name": "GraphQL",
    "description": "Data management technology"
  },
  {
    "id": "T1000",
    "name": "React",
    "description": "UI Library"
  },
  {
    "id": "T1001",
    "name": "Angular",
    "description": "UI framework"
  },
  {
    "id": "T1002",
    "name": "Vue",
    "description": "UI framework"
  },
  {
    "id": "T1003",
    "name": "Svelte",
    "description": "UI Library"
  },
  {
    "id": "T1004",
    "name": "Java",
    "description": "Server side language"
  },
  {
    "id": "T1005",
    "name": "Node",
    "description": "Server side JS runtime"
  },
  {
    "id": "T1006",
    "name": "Python",
    "description": "Server side language"
  },
  {
    "id": "T1007",
    "name": ".Net",
    "description": "Server side language"
  },
  {
    "id": "T1008",
    "name": "JavaScript",
    "description": "Client and Server side language"
  },
  {
    "id": "T1009",
    "name": "Express",
    "description": "Server side JS framework"
  },
  {
    "id": "T1010",
    "name": "MongoDB",
    "description": "NoSql database"
  },
  {
    "id": "T1011",
    "name": "OracleDB",
    "description": "Sql database"
  },
  {
    "id": "T1012",
    "name": "MySql",
    "description": "Sql database"
  },
  {
    "id": "T1013",
    "name": "Neo4j",
    "description": "Graph database"
  },
  {
    "id": "T1014",
    "name": "Spring",
    "description": "Server side Java framework"
  },
  {
    "id": "T1015",
    "name": "Jest",
    "description": "JavaScript testing framework"
  },
  {
    "id": "T1016",
    "name": "Chai",
    "description": "Server side JS testing framework"
  },
  {
    "id": "T1017",
    "name": "Mocha",
    "description": "Server side JS testing framework"
  },
  {
    "id": "T1018",
    "name": "Cypress",
    "description": "End to end testing framework"
  },
  {
    "id": "T1019",
    "name": "HTML",
    "description": "UI technology"
  },
  {
    "id": "T1020",
    "name": "CSS",
    "description": "UI technology"
  }
]